id,title,body,published_at,author_id,genre_id,pv,referrer,keywords
1,Tシャツ1枚で差がつく着こなしの工夫,シンプルなTシャツでもコーデ次第で印象が変わる。サイズ感やインナーの合わせ方、小物使いで垢抜けを狙おう。,2024-06-29 0:00:00,2,1,327,Yahoo,"時短, おすすめ"
2,初心者向けキャンプギア選びの基本,初めてのキャンプを快適にするための必須アイテムを紹介。テント、寝袋、ランタンなど、機能別に初心者におすすめの選び方をガイド。,2024-04-29 0:00:00,5,2,4952,Google Discover,"2024, 初心者, 時短"
3,最新テレビの選び方とおすすめモデル,画質や機能、接続端子の違いを解説。4K・8K対応やスマート機能付きモデルのおすすめを紹介します。,2024-04-23 0:00:00,1,3,3755,Yahoo,おすすめ
4,焚き火を楽しむための安全ポイント,安全に焚き火を楽しむための設置場所や火の管理方法を解説。火傷や煙対策、消火のコツまで詳しく紹介します。,2024-03-23 0:00:00,4,2,3982,SNS,"最新, トレンド"
5,アラサー女性におすすめのトレンドオフィスコーデ25選,一枚で何通りにも着まわせる万能アイテムを厳選してご紹介します。,2024-04-27 0:00:00,2,1,2809,Google Discover,"トレンド, 時短, 人気"
6,シンプルなのに垢抜ける着こなし術,定番アイテムを使った、誰でも真似しやすい洗練コーデを紹介。小物使いやシルエットにひと工夫を加えるだけで印象が激変。,2024-03-13 0:00:00,3,1,4601,Yahoo,ランキング
7,敏感肌向けスキンケアの基本,刺激を抑えた洗顔や保湿のポイントをわかりやすく解説します。,2024-03-15 0:00:00,2,4,3566,Google Discover,最新
8,海外旅行初心者の準備ガイド,パスポート申請から保険、荷造りまで初めての海外旅行で必要な準備を解説します。,2024-06-02 0:00:00,2,5,886,SNS,"トレンド, 時短, ランキング"
9,オン・オフ使えるカジュアルコーデおすすめ12選,今年の夏は涼しげなリネン素材が人気です。着心地と見た目の両立がポイント。,2024-05-03 0:00:00,5,1,780,SNS,"おすすめ, 最新, 人気"
10,通勤リュックをおしゃれに持つ方法,ビジネスシーンでも浮かないリュックの選び方と持ち方を紹介。きれいめな素材やシンプルなデザインが鍵です。,2024-06-03 0:00:00,3,1,2361,Google Discover,おすすめ
11,ロボット掃除機の効果的な使い方,部屋の形状に合わせた設定や掃除頻度のコツ、メンテナンス方法を詳しく解説します。,2024-01-18 0:00:00,5,3,1424,Google Discover,"人気, おすすめ, ランキング"
12,省エネ家電で電気代を節約する方法,エコモードや節電設定の活用法、購入時の省エネ基準のチェックポイントをまとめました。,2024-02-07 0:00:00,5,3,370,Yahoo,最新
13,大人女子のための通勤バッグ特集,毎日の通勤に欠かせないバッグは、機能性だけでなくデザインも重要。収納力、仕切り、肩かけ対応など、実用性と美しさを兼ね備えたおすすめバッグを厳選紹介。,2024-06-08 0:00:00,5,1,230,SNS,"ランキング, 2024, おすすめ"
14,空気清浄機の選び方とメンテナンス,フィルター種類や対応面積、交換時期の目安、効果的な置き場所を紹介します。,2024-03-07 0:00:00,1,3,3478,Google Discover,ランキング
15,おすすめ国内旅行スポット10選,日本各地の人気観光地と穴場スポットをバランスよく紹介します。,2024-04-19 0:00:00,2,5,4059,Yahoo,"ランキング, 人気"
16,格安航空券を見つけるコツ,予約時期や比較サイトの活用法など、賢く安く航空券を購入する方法。,2024-01-11 0:00:00,1,5,2372,SNS,"最新, おすすめ"
17,軽量バックパックで歩きを楽しむ,長時間のトレッキングでも負担を減らす軽量バックパック。サイズ・素材・フィット感など選び方のポイントを解説。,2024-02-26 0:00:00,3,2,2398,SNS,"ランキング, 初心者, 時短"
18,一人旅の楽しみ方と注意点,安全に楽しむための準備やおすすめの過ごし方を初心者向けに紹介。,2024-01-29 0:00:00,1,5,3051,SNS,"時短, 人気, 初心者"
19,家族旅行を成功させる計画術,年齢別の楽しみ方や移動手段の選び方、宿泊施設のポイントを解説。,2024-04-25 0:00:00,2,5,2643,Yahoo,人気
20,効果的なフェイスマッサージ方法,リンパの流れを促す簡単なマッサージで肌の血行を良くするコツ。,2024-03-29 0:00:00,1,4,1909,SNS,"ランキング, 2024"
21,美白ケアで透明感のある肌に,紫外線対策と美白成分の選び方、使い方のポイントを紹介します。,2024-05-14 0:00:00,2,4,3061,SNS,トレンド
22,ソロキャンプを充実させるアイテム,一人キャンプを快適にするグッズを厳選。コンパクトなキッチン用品や照明、収納のアイデアまでご紹介。,2024-05-30 0:00:00,2,2,3369,SNS,"初心者, おすすめ, 時短"
23,登山初心者が覚えておきたい服装ルール,登山時の服装レイヤリングの基本と、素材選びのポイント。体温調整と快適性を両立させるテクニックを解説します。,2024-02-07 0:00:00,2,2,3541,Google Discover,人気
24,川遊びにおすすめの防水ギア,川辺での遊びに役立つ防水バッグやウェア、水中シューズなど、水濡れ対策アイテムをまとめて紹介。,2024-04-26 0:00:00,2,2,406,Yahoo,"トレンド, 最新"
25,コーヒーメーカーで自宅カフェを楽しむ,機能別の特徴や手入れのポイント、自宅でおいしいコーヒーを淹れるコツを解説。,2024-06-10 0:00:00,5,3,4099,Google Discover,時短
26,乾燥肌対策のスキンケアルーティン,保湿力の高いアイテム選びと正しい使い方でしっとり肌を保つ方法。,2024-02-10 0:00:00,2,4,4466,Google Discover,"時短, 最新"
27,キャンプ料理が格上げする調理器具,アウトドア調理を楽しむためのグリルやクッカー、ダッチオーブンなどのおすすめ器具と使い方を紹介します。,2024-02-29 0:00:00,5,2,1137,Google Discover,"時短, 人気, トレンド"
28,センスが光るメンズ小物の選び方,バッグやベルト、時計など、小物のセレクトで印象は変わります。シンプルな服装でも格上げできる、男の品格を高めるアイテムを紹介します。,2024-01-04 0:00:00,1,1,667,Google Discover,"最新, トレンド"
29,ビジネスクラスのメリットと選び方,快適な空の旅を実現するためのポイントやサービスの特徴を紹介。,2024-03-15 0:00:00,5,5,729,SNS,"時短, 初心者, おすすめ"
30,旅行先で役立つスマホアプリ,地図、翻訳、交通情報など便利アプリのおすすめと使い方をまとめました。,2024-06-20 0:00:00,5,5,4516,SNS,トレンド
31,海外での安全対策とトラブル回避法,盗難防止や緊急連絡先の準備、注意すべきポイントを詳しく解説。,2024-01-29 0:00:00,4,5,2034,SNS,最新
32,最新冷蔵庫のおすすめ機能比較,自動製氷、チルド室、野菜室の性能など、モデル別に注目ポイントを比較します。,2024-01-19 0:00:00,4,3,131,Google Discover,"ランキング, トレンド, 2024"
33,フィッシングに役立つ小物選び,釣り初心者におすすめのエサケース、フィッシュグリップ、ベイトポーチなど、釣果UPに繋がるギアをピックアップ。,2024-01-04 0:00:00,2,2,2744,SNS,時短
34,働く女性に人気の万能トート5選,書類やノートPCもすっきり収まるトートバッグは、ビジネスシーンの強い味方。きちんと感がありながら軽量な、毎日使える逸品をピックアップしました。,2024-03-21 0:00:00,1,1,1147,Google Discover,"時短, 初心者, 最新"
35,オンオフ両用！メンズリュック特集,ビジネスにもカジュアルにも対応できるリュックが注目の的。収納力、素材、デザインを比較しながら、大人男子におすすめのモデルを紹介します。,2024-03-21 0:00:00,5,1,3938,Yahoo,初心者
36,安全安心のためのマルチツールガイド,ナイフ、プライヤー、缶切りなどが一体になったマルチツールの選び方と、野外での活用事例を紹介します。,2024-05-09 0:00:00,3,2,4238,Yahoo,"2024, 時短"
37,ニキビ肌のための正しい洗顔法,肌を傷めない洗顔料選びと洗い方のポイントを初心者向けに解説。,2024-03-22 0:00:00,4,4,2727,SNS,"最新, おすすめ"
38,オイル美容のメリットと使い方,肌の乾燥を防ぐオイルの種類と効果的な塗り方を紹介します。,2024-05-01 0:00:00,2,4,3292,SNS,"初心者, 人気, 2024"
39,ハンモックで楽しむくつろぎタイム,キャンプサイトでのリラックスタイムにぴったりなハンモック。設置方法や選び方、快適性を高めるアイデアを解説。,2024-03-15 0:00:00,2,2,3617,SNS,"時短, 2024"
40,ヘアドライヤーの速乾テクニック,髪質に合わせた風量・温度設定や正しい使い方、静電気対策を紹介します。,2024-04-22 0:00:00,4,3,3121,SNS,初心者
41,電気ケトルで時短＆安全にお湯を沸かす,容量や保温機能の違い、注意すべきポイントをわかりやすく解説。,2024-01-03 0:00:00,4,3,4308,SNS,"トレンド, おすすめ, 最新"
42,格安ホテルの賢い選び方,口コミや立地、設備を比較して失敗しないホテル選びのコツを紹介。,2024-05-25 0:00:00,1,5,154,Yahoo,"最新, おすすめ, 初心者"
43,トレイルランニング初心者向けガイド,山道を走るトレイルランの魅力と、専用シューズやザック、ウェアの選び方を詳しく紹介します。,2024-02-06 0:00:00,2,2,2178,SNS,"おすすめ, 2024, 最新"
44,毛穴ケアにおすすめのアイテム,毛穴の黒ずみや詰まりを改善するクレンジングとパックの選び方。,2024-05-05 0:00:00,2,4,1888,Google Discover,"初心者, トレンド"
45,スマートスピーカー活用術,音声操作の便利機能や連携アプリ、トラブル対策を初心者向けに紹介します。,2024-04-12 0:00:00,5,3,2266,Google Discover,"2024, 時短"
46,旅先で楽しむ地元グルメの探し方,人気料理やローカル店の見つけ方、美味しい店の見分け方を解説。,2024-03-03 0:00:00,4,5,1063,SNS,"人気, おすすめ"
47,野外で美味しく！携帯グリル特集,ポータブルグリルを使ってアウトドアでの料理を楽しもう。種類や燃料の違い、実際の使い勝手を解説します。,2024-02-01 0:00:00,5,2,2226,SNS,"2024, トレンド"
48,初心者向け！着回ししやすい服の選び方,少ない服でもおしゃれに見えるワードローブの作り方を解説。色味や素材の選び方で印象が大きく変わります。,2024-02-28 0:00:00,4,1,2528,Google Discover,"ランキング, おすすめ"
49,モノトーン派女子の着こなしルール,黒・白・グレー中心のシンプルスタイルでも地味に見せないテクとは？素材とシルエットのバランスで魅せる、おしゃれ上級者の実例を解説します。,2024-06-09 0:00:00,3,1,4293,SNS,"2024, ランキング, 初心者"
50,洗濯機の賢い選び方と洗い方のコツ,容量や洗浄方式の種類、節水モード活用法、洗剤の選び方も解説します。,2024-06-05 0:00:00,2,3,3128,Google Discover,"人気, おすすめ, 時短"
51,ジャケパンに似合うビジネスバッグ,きちんと感とカジュアルさのバランスが重要なジャケパンスタイル。レザーやナイロンなど、スタイルに合うバッグの選び方とおすすめブランドを紹介。,2024-01-13 0:00:00,2,1,3753,SNS,"2024, おすすめ, 人気"
52,エイジングケアの基本ステップ,シワやたるみ対策に効果的な成分とケア方法を詳しく解説。,2024-06-02 0:00:00,5,4,2693,SNS,おすすめ
53,キレイめカジュアルが叶うシャツ術,オフィスも街歩きもOKなシャツは着回し力抜群。パンツやスカートと合わせるだけでキレイ見えする、カラーとシルエットの選び方を紹介します。,2024-03-03 0:00:00,5,1,2688,Google Discover,ランキング
54,電子レンジの賢い使い方,加熱ムラを防ぐ方法や解凍機能の活用、手入れのコツを紹介します。,2024-05-14 0:00:00,5,3,1172,SNS,"最新, 人気, ランキング"
55,防水マットで快適な地面寝対策,地面の冷気や硬さを防ぐエアマットやクローズドセルマットの種類と選び方、使用時のポイントを紹介。,2024-04-20 0:00:00,1,2,3957,SNS,時短
56,掃除機の種類別メリット・デメリット,キャニスター型、スティック型、コードレス型の特徴を比較し、用途別におすすめを解説。,2024-04-19 0:00:00,3,3,2272,SNS,"時短, おすすめ, 初心者"
57,国内温泉旅行の楽しみ方,露天風呂や効能の違い、宿選びのポイントをわかりやすく紹介。,2024-02-25 0:00:00,2,5,2814,Google Discover,"初心者, ランキング"
58,野外用照明はこれ！ランタン比較,LEDランタンからガスランタンまで、明るさ・燃費・携帯性で選ぶおすすめモデルを徹底比較。,2024-04-09 0:00:00,5,2,3106,SNS,"ランキング, 時短"
59,バックパッカー初心者ガイド,荷物のまとめ方や移動手段、安全な宿泊先の選び方を紹介します。,2024-04-01 0:00:00,5,5,2571,SNS,"人気, 時短"
60,夜のスキンケアで肌を修復する方法,寝る前の効果的な保湿と美容液の使い方を紹介。,2024-01-05 0:00:00,3,4,2290,Yahoo,"時短, トレンド, 最新"
61,ホームシアターの導入ポイント,音響機器の配置や接続方法、予算に応じた選び方のコツをまとめました。,2024-03-25 0:00:00,3,3,1661,SNS,"最新, 2024, トレンド"
62,30代男性におすすめの清潔感コーデ,大人の男性に求められるのは清潔感とシンプルさ。好感度の高い着こなしと、NGになりがちなポイントも紹介します。,2024-06-07 0:00:00,3,1,318,Yahoo,"おすすめ, 時短"
63,安全な山歩きに役立つ登山ストック,疲労軽減と安全対策に有効な登山ストックの選び方と使い方をまとめました。,2024-05-11 0:00:00,4,2,4355,Google Discover,"初心者, ランキング, おすすめ"
64,加湿器の種類と選び方,超音波式・スチーム式・気化式の特徴や手入れ方法、適切な湿度管理を解説します。,2024-03-13 0:00:00,3,3,1842,Google Discover,おすすめ
65,サバイバルナイフ＆アクセサリー厳選,無人地帯や緊急時に安心のサバイフルナイフとファイヤースターターなど、必携ギアを紹介します。,2024-04-10 0:00:00,2,2,2337,Google Discover,時短
66,人気の世界遺産観光スポット,訪れる価値のある世界遺産と見どころ、アクセス方法を解説。,2024-05-30 0:00:00,2,5,3215,Yahoo,おすすめ
67,日焼け止めの正しい選び方と使い方,SPF・PAの意味や塗り直しのタイミングをわかりやすく解説。,2024-05-30 0:00:00,3,4,4621,SNS,2024
68,敏感肌に優しいメイクアップ術,肌に負担をかけにくいファンデーションや下地の選び方。,2024-03-11 0:00:00,1,4,1657,Yahoo,"人気, 2024, 時短"
69,クルーズ旅行の魅力と準備,船内施設や服装、持ち物のポイント、初心者向けの楽しみ方を紹介。,2024-02-07 0:00:00,3,5,1127,SNS,"人気, 初心者, 最新"
70,美眉の作り方とおすすめアイブロウ,顔立ちに合う眉の形や描き方のコツ、人気アイテムを紹介。,2024-03-07 0:00:00,2,4,4793,SNS,おすすめ
71,黒を重たく見せないモノトーン術,黒やグレーを中心としたコーデを軽やかに見せるテクニック。差し色や素材のバランスで印象が大きく変わります。,2024-01-05 0:00:00,3,1,334,Yahoo,"ランキング, 時短"
72,アウトドアチェアでくつろぎ快適に,軽量かつコンパクトなキャンプチェアを比較。腰痛軽減や安定性に優れたモデルをおすすめします。,2024-06-23 0:00:00,4,2,2515,Google Discover,"時短, トレンド, 最新"
73,エコツーリズムの基本,自然を守りながら楽しむ旅のマナーやおすすめのツアーを解説します。,2024-04-27 0:00:00,1,5,1609,SNS,"2024, 最新"
74,ワンピース1枚で完成する楽ちんおしゃれ,忙しい朝でもさっと着るだけでサマになるワンピースを特集。着心地とシルエットにこだわった選び方を紹介します。,2024-05-02 0:00:00,4,1,3154,Yahoo,"時短, 人気"
75,スタイリッシュに決まる黒バッグ5選,どんなコーデにも合う黒バッグは、持っておきたい定番アイテム。女性らしさも損なわない、シンプル＆エレガントな黒バッグを厳選しました。,2024-05-06 0:00:00,3,1,874,Google Discover,時短
76,電子書籍リーダーの選び方,画面サイズや防水性能、対応フォーマットの違いを紹介し、用途別におすすめモデルを提案。,2024-06-14 0:00:00,2,3,462,SNS,ランキング
77,カジュアル派に人気のメンズトート,使いやすさと収納力を兼ね備えたトートバッグは、カジュアルな装いにぴったり。レザーやキャンバスなど、素材別に魅力を徹底紹介。,2024-01-30 0:00:00,5,1,4065,Yahoo,"ランキング, 時短, トレンド"
78,旅行中の健康管理と食事,疲れをためない工夫や体調管理のコツ、現地での食事注意点をまとめました。,2024-05-09 0:00:00,2,5,216,Google Discover,最新
79,カヌー・カヤック入門の装備チェックリスト,水上アクティビティを安全に楽しむためのPFDやパドル、撥水バッグなど必要アイテムを解説します。,2024-04-28 0:00:00,5,2,3784,Google Discover,人気
80,炊飯器の機能別おすすめ,圧力IHやスチーム機能付きなど、使い勝手や味の違いを比較しました。,2024-01-02 0:00:00,4,3,212,SNS,最新
81,スマートパッキングのコツ,持ち物を減らす方法や便利グッズ、スーツケースの整理術を紹介。,2024-06-22 0:00:00,5,5,4157,Google Discover,"2024, おすすめ, 人気"
82,初心者でも失敗しないデニムの選び方,体型をきれいに見せてくれるデニムの選び方を解説。スキニー、ワイド、ストレートの特徴やおすすめコーデも紹介します。,2024-05-10 0:00:00,5,1,453,Google Discover,"おすすめ, 2024"
83,ホームベーカリーで手作りパン,材料やメニューの基本、手入れのポイントを初心者向けに解説します。,2024-04-18 0:00:00,2,3,1032,Yahoo,最新
84,ロードバイクで週末サイクリング,街乗りから遠出まで対応するロードバイクの選び方と、携帯工具・ライトなど便利ギアを紹介。,2024-06-01 0:00:00,1,2,544,Yahoo,"おすすめ, 2024"
85,ヘアオイルの使い方とおすすめ製品,髪の乾燥やダメージを防ぐ使い方とタイプ別特徴を解説。,2024-04-24 0:00:00,1,4,820,Google Discover,"トレンド, 2024"
86,山ごはんレシピ10選＆簡単調理法,火にかけずに作れる山ごはんレシピや、アルファ米、乾燥スープなど簡単＆美味しいメニューを提案します。,2024-06-11 0:00:00,3,2,4249,Google Discover,"2024, トレンド"
87,旅行写真の撮り方とコツ,思い出に残る写真を撮るための構図や設定、スマホ活用術を解説。,2024-06-06 0:00:00,1,5,2150,Yahoo,2024
88,ボディスクラブの効果と使い方,古い角質を取り除き肌をなめらかにする方法と頻度の目安。,2024-03-15 0:00:00,5,4,1608,Google Discover,"初心者, 2024, 人気"
89,食洗機の導入メリットと選び方,節水効果や設置タイプ、洗浄力の違い、使い方のコツを紹介します。,2024-04-25 0:00:00,2,3,669,Yahoo,"人気, おすすめ"
90,おしゃれに見えるバッグの持ち方講座,同じバッグでも持ち方で印象が変わる！シーン別の持ち方や合わせ方を、実例とともに解説します。,2024-06-27 0:00:00,3,1,2952,Yahoo,"時短, 人気, 初心者"
91,防虫対策に効くアイテムまとめ,虫よけスプレーからヘッドネット、防虫ウェアまで、キャンプや登山時の虫対策グッズを網羅しました。,2024-01-21 0:00:00,2,2,2909,Google Discover,ランキング
92,冷風扇と扇風機の違いと選び方,冷風扇の仕組みや効果、扇風機との使い分けをわかりやすく解説します。,2024-01-27 0:00:00,5,3,2486,Google Discover,"最新, 2024"
93,ワイヤレスイヤホンおすすめモデル,音質やバッテリー性能、防水機能の違いを比較し、シーン別に紹介。,2024-04-02 0:00:00,5,3,333,Yahoo,"2024, 人気, 初心者"
94,リップケアでふっくら唇を手に入れる,保湿成分とスクラブの使い方、乾燥対策のポイントを紹介。,2024-01-31 0:00:00,2,4,1705,Yahoo,"2024, 初心者, 時短"
95,体型別！スタイルアップワンピ術,似合うワンピースは体型で選ぶ時代。Iライン、Aラインなどシルエット別の特徴と、スタイルアップ効果の高いアイテムをご紹介します。,2024-06-11 0:00:00,2,1,1009,SNS,"時短, 初心者, トレンド"
96,冷却・保冷バッグで飲料を冷たく保つ,ピクニックや釣りに便利な保冷機能付きバッグ。容量・保温性・軽さに優れた製品を厳選しました。,2024-02-12 0:00:00,3,2,1918,Google Discover,"最新, おすすめ"
97,美容液の選び方と効果的な使い方,肌悩みに合わせた成分と塗るタイミングのコツを解説。,2024-05-24 0:00:00,4,4,837,Yahoo,"トレンド, 人気"
98,メイク落としの正しい方法,肌に優しいクレンジングの選び方と落とし残しを防ぐテクニック。,2024-03-09 0:00:00,5,4,4184,Google Discover,2024
99,電気毛布の安全な使い方,温度設定のポイントやタイマー機能、洗濯方法を解説します。,2024-01-30 0:00:00,5,3,4005,Google Discover,初心者
100,ウォータータンクで携帯水分確保,水場がない場所でも安心な折りたたみ式ウォータータンクの種類と使い勝手を解説。,2024-03-11 0:00:00,1,2,4762,SNS,"2024, 時短, 初心者"
101,細見え効果抜群のパンツコーデ集,スタイルアップを目指すならパンツ選びが重要。縦ラインを意識したシルエットやカラーのコツを解説します。,2024-01-16 0:00:00,4,1,4267,Google Discover,初心者
102,オートキャンプ初心者向けチェックリスト,車でのキャンプ時に便利なアイテム一覧。ランタン、テーブル、発電機など、忘れがちな装備も含め紹介。,2024-05-09 0:00:00,1,2,3816,Google Discover,"人気, 2024"
103,ヘアカラーのダメージケア方法,カラー後のケアにおすすめのトリートメントやシャンプーを紹介。,2024-01-30 0:00:00,4,4,983,Google Discover,"ランキング, 時短"
104,コードレス掃除機のバッテリー長持ち術,充電方法や保管のコツ、劣化を防ぐ使い方をまとめました。,2024-02-16 0:00:00,4,3,2609,Yahoo,時短
105,レンタカー利用のポイント,予約方法や運転時の注意点、保険の選び方を初心者向けに紹介。,2024-04-07 0:00:00,5,5,2151,Google Discover,"トレンド, ランキング, おすすめ"
106,旅行先で使える英会話フレーズ,空港、ホテル、レストランで役立つ基本フレーズをまとめました。,2024-04-26 0:00:00,4,5,1811,SNS,"トレンド, 最新, 初心者"
107,ホームセキュリティ家電の最新動向,防犯カメラやセンサーライトの選び方、スマート連携のポイントを紹介します。,2024-03-02 0:00:00,1,3,2709,SNS,"最新, 初心者"
108,バーナー燃料タイプ比較＆選び方,OD缶・ガソリン・アルコールなどの燃料タイプ別の特徴と、使用場面に応じたおすすめを案内します。,2024-05-13 0:00:00,4,2,4360,SNS,"時短, 初心者, トレンド"
109,ミニマリスト男子のバッグ選びの極意,荷物を最小限に抑えるスタイルが人気の今、メンズバッグもコンパクト化。機能美と収納力を兼ね備えた、無駄のないデザインをチェック！,2024-06-08 0:00:00,5,1,2439,Yahoo,"おすすめ, ランキング, トレンド"
110,ナイトハイキングで安全装備,夜間のハイキングに必要なヘッドライト、リフレクター、非常食などナイトギアをまとめました。,2024-06-07 0:00:00,3,2,3204,Yahoo,"2024, 人気"
111,ジューサーとミキサーの違いと選び方,機能や用途の違い、手入れの簡単さを比較しおすすめモデルを紹介。,2024-04-06 0:00:00,4,3,2286,SNS,人気
112,ビーチリゾートの楽しみ方,アクティビティやおすすめスポット、持ち物のポイントを解説。,2024-05-16 0:00:00,5,5,1606,Google Discover,"最新, 初心者"
113,エクササイズで美肌を目指す方法,血行促進や代謝アップにつながる簡単フェイスエクササイズ。,2024-02-01 0:00:00,2,4,291,Google Discover,"2024, 時短, トレンド"
114,ワントーンコーデで洗練された印象に,上下を同系色でまとめることで、簡単にこなれ感が出せるワントーンコーデ。色の選び方と素材の組み合わせを紹介。,2024-02-09 0:00:00,5,1,3778,SNS,"最新, 2024"
115,男性向けスキンケアの基本,洗顔や保湿のポイント、使いやすいアイテムの選び方を紹介。,2024-06-24 0:00:00,5,4,1988,Yahoo,"初心者, ランキング"
116,ポータブルプロジェクターの活用法,設置の工夫や画質調整、接続方法のポイントを解説します。,2024-02-02 0:00:00,4,3,3241,Yahoo,最新
117,世界のおすすめマーケット巡り,お土産探しやローカルグルメ、交渉のコツを紹介します。,2024-02-06 0:00:00,3,5,3692,SNS,人気
118,旅行先での節約テクニック,交通費や食費、宿泊費を抑えるためのアイデアと注意点。,2024-03-06 0:00:00,4,5,4955,SNS,"トレンド, 時短, 2024"
119,都市観光の効率的な回り方,公共交通機関の活用や観光パスの使い方、ルート計画のコツを紹介。,2024-02-11 0:00:00,5,5,2361,Yahoo,"初心者, 2024, 人気"
120,おしゃれ初心者が揃えるべき5アイテム,まず持つべき基本のファッションアイテムを紹介。どんなスタイルにも合う万能アイテムを厳選しました。,2024-04-24 0:00:00,1,1,324,SNS,人気
121,電動歯ブラシおすすめランキング,ブラシの種類や振動パターン、機能別の特徴をまとめました。,2024-03-22 0:00:00,2,3,221,Yahoo,"初心者, おすすめ, 2024"
122,夜のリラックス美容法,睡眠の質を上げるルーティンと肌回復を助けるケア方法。,2024-06-21 0:00:00,5,4,2175,Google Discover,"初心者, おすすめ, 時短"
123,キャンプ旅行の始め方,必要な道具や場所の選び方、初心者が気を付けるポイントを解説。,2024-04-18 0:00:00,2,5,4814,Google Discover,"トレンド, 人気, 時短"
124,岩場で使えるクライミングシューズ指南,初心者が安心して始められるクライミングシューズの選び方と使い方、ケア方法を紹介します。,2024-01-18 0:00:00,5,2,2951,SNS,"ランキング, おすすめ, 人気"
125,スマートウォッチの選び方と活用術,健康管理機能や通知機能、バッテリー持続時間の違いを紹介します。,2024-04-01 0:00:00,2,3,499,Google Discover,"ランキング, トレンド"
126,アウトドア洗面グッズ便利ガイド,野外の洗面を快適にする折りたたみ洗面ボウルや携帯ソープ、速乾タオルなどおすすめアイテムを紹介。,2024-03-05 0:00:00,1,2,4897,SNS,最新
127,マウンテンバイクで里山を走る,オフロード走行に適したマウンテンバイクの選び方と、ヘルメット・グローブなど安全装備をまとめます。,2024-03-20 0:00:00,1,2,586,Yahoo,"ランキング, おすすめ"
128,焚き火調理アイデア10選,ダッチオーブンやスキレットを使った焚き火調理のレシピと、火加減や食材の選び方も詳しく解説。,2024-01-16 0:00:00,2,2,4694,Google Discover,"人気, 時短, ランキング"
129,電気圧力鍋のメリットと使い方,調理時間短縮やレシピの幅、操作のポイントを初心者向けに解説。,2024-05-16 0:00:00,3,3,3472,Yahoo,"初心者, 最新"
130,フェイスマスクの効果的な使い方,種類別の効果と使う頻度、保管のコツを詳しく解説。,2024-03-02 0:00:00,1,4,1225,SNS,"おすすめ, ランキング"
131,簡単DIY！自作キャンプテーブル,木材とコンパクト部材で作るDIYキャンプテーブルのステップと、設計図のポイントを紹介します。,2024-06-24 0:00:00,2,2,2538,Yahoo,"トレンド, ランキング"
132,スノーシュー初心者向け入門,雪上ウォーキングを楽しむスノーシューの選び方と装着法、服装や安全ポイントも解説します。,2024-05-24 0:00:00,5,2,4598,Yahoo,ランキング
133,アクセサリーで差がつく！上級者コーデ,シンプルな服でもアクセサリー次第で印象が変わる。ネックレスやピアス、腕時計の使い分けを紹介します。,2024-01-29 0:00:00,1,1,1948,Google Discover,人気
134,野外用冷蔵庫（クーラーボックス）比較,保冷力・重量・容量で選ぶクーラーボックスのおすすめ。キャンプや釣りの持ち運びアイデアも紹介。,2024-06-21 0:00:00,2,2,789,SNS,"ランキング, 最新"
135,スニーカーで作る大人の抜け感スタイル,カジュアルだけどだらしなく見えない、スニーカーを使ったきれいめコーデのコツを紹介。色使いと全体のバランスがカギ。,2024-01-28 0:00:00,3,1,4071,Google Discover,人気
136,エアコンの節電テクニック,フィルター掃除や設定温度、風向き調整で効果的に電気代を節約する方法を紹介。,2024-04-15 0:00:00,4,3,450,Yahoo,トレンド
137,防水スマホケース性能比較,防水性能や操作性に優れたスマホケースを比較。マリンスポーツや川遊びで安心なモデルを紹介します。,2024-06-06 0:00:00,2,2,2485,Google Discover,ランキング
138,ピクニックに便利なレジャーシート特集,防水素材や軽量設計の心地よいレジャーシート。収納しやすさや耐久性も含めて選び方を紹介。,2024-01-01 0:00:00,1,2,4214,Google Discover,"人気, 最新"
139,着心地重視！リラックスウェア特集,在宅ワークやオフの日にぴったりのリラックスウェア。快適さはもちろん、外出もできるシンプルで上品なデザインのアイテムを紹介します。,2024-01-02 0:00:00,3,1,3282,Yahoo,時短
140,女子旅におすすめのスポット,安全で楽しめる場所や宿泊施設、アクティビティを紹介します。,2024-05-05 0:00:00,1,5,2393,SNS,"おすすめ, 2024"
141,仕事帰りに使えるきれいめカジュアル術,オンオフ問わず使えるきれいめカジュアルの作り方。ジャケットやパンツの選び方、着回しの工夫を紹介します。,2024-01-24 0:00:00,2,1,4005,Google Discover,"時短, おすすめ, トレンド"
142,まつげ美容液の選び方と使い方,まつげの成長を助ける成分や塗るタイミングのポイント。,2024-04-02 0:00:00,4,4,839,SNS,"ランキング, 時短, おすすめ"
143,バッグ1つで印象が変わる！選び方のコツ,コーデのアクセントにもなるバッグ。形やサイズ感、色使いで印象を変える選び方とポイントを解説します。,2024-02-19 0:00:00,5,1,3374,SNS,2024
144,旅行中の荷物管理術,盗難防止や荷物の軽量化、スーツケースの工夫をまとめました。,2024-04-28 0:00:00,4,5,956,Google Discover,"時短, 人気"
145,高級ホテルの選び方と楽しみ方,ラグジュアリーなサービスや施設、予約のコツを紹介します。,2024-04-09 0:00:00,2,5,3703,SNS,2024
146,家庭用脱毛器の効果と注意点,使用頻度や肌への影響、選び方のポイントを詳しく解説します。,2024-02-08 0:00:00,2,3,4925,SNS,最新
147,ロードトリップの準備と楽しみ方,車の点検やルート設定、休憩ポイントの決め方を解説。,2024-03-03 0:00:00,2,5,2098,SNS,"時短, トレンド"
148,体型カバーできるトップスの選び方,気になる部分を自然に隠しながら、スタイルアップも叶えるトップス選び。素材やデザインの工夫を紹介します。,2024-06-17 0:00:00,5,1,713,Google Discover,"おすすめ, 最新"
149,人気テーマパークの攻略法,待ち時間短縮やおすすめアトラクション、チケット購入のコツを紹介。,2024-06-20 0:00:00,4,5,2134,Yahoo,"おすすめ, 最新"
150,アクセ感覚で楽しむミニバッグコーデ,コーデのアクセントにもなるミニバッグは、実は使い勝手も抜群。スマホと財布が入る絶妙サイズで、おしゃれも機能も妥協しない選び方を紹介。,2024-05-19 0:00:00,4,1,3662,Google Discover,時短
151,海外旅行でのチップのマナー,国ごとの違いや適切な渡し方、注意すべきポイントを詳しく解説。,2024-05-04 0:00:00,1,5,3222,SNS,時短
152,旅行中のスマホ充電対策,モバイルバッテリーや充電器選び、電源確保の方法を紹介します。,2024-05-20 0:00:00,3,5,1853,Google Discover,"2024, 初心者, 人気"
153,スマホ連動家電の便利な使い方,アプリ操作や連携機能、トラブル時の対処法を初心者向けにまとめました。,2024-02-13 0:00:00,3,3,2760,Google Discover,初心者
154,短期間旅行のプランニング術,限られた日数で効率よく楽しむ計画の立て方を解説。,2024-05-03 0:00:00,5,5,1485,SNS,時短
155,電気ストーブとオイルヒーター比較,暖まり方や省エネ性能、安全面での違いを比較し用途別におすすめ。,2024-03-26 0:00:00,4,3,1412,Google Discover,"最新, おすすめ, トレンド"
156,コードレス掃除機のおすすめモデル,吸引力やバッテリー容量、付属品の充実度をランキング形式で紹介。,2024-06-29 0:00:00,1,3,3019,Google Discover,"最新, 人気"
157,ヘアブラッシングの正しいやり方,髪を傷めないブラシ選びとブラッシングのテクニック。,2024-06-26 0:00:00,3,4,4713,SNS,"初心者, ランキング, 最新"
158,ハイキング初心者が持つべき3点セット,トレイルマップ、非常食、水筒の三種の神器。日帰りハイクに必要な装備をポイント解説します。,2024-02-24 0:00:00,4,2,1858,Google Discover,"初心者, 2024"
159,メンズが持つべき定番ジャケット3選,ジャケットは男のワードローブの必需品。カジュアルにもビジネスにも対応できる、素材・色・シルエットで選ぶ王道アイテムを提案します。,2024-04-20 0:00:00,2,1,4420,SNS,"2024, 最新"
160,男性の薄毛対策とおすすめアイテム,薄毛の原因と対策、効果的なヘアケア商品を紹介。,2024-02-12 0:00:00,3,4,3734,Google Discover,"人気, 最新, ランキング"
161,オーガニックコスメの魅力と注意点,肌に優しい自然由来成分の特徴と選び方のポイント。,2024-05-19 0:00:00,2,4,2449,SNS,"最新, おすすめ"
162,アウトドアウェア素材別メリット比較,撥水、防風、通気性など機能別ウェアの素材解説と、使用シーン別のおすすめを紹介。,2024-04-19 0:00:00,5,2,881,Google Discover,"おすすめ, トレンド"
163,ボディオイルでしっとり肌に,乾燥を防ぐ塗り方やおすすめ製品の特徴を解説。,2024-03-16 0:00:00,3,4,2265,Google Discover,"初心者, おすすめ, ランキング"
164,ベーシックアイテムを飽きずに着回すコツ,白Tや黒パンツなど定番アイテムをおしゃれに着回す方法。小物使いやカラーコーデで雰囲気を変えるテクを紹介。,2024-03-03 0:00:00,3,1,1236,Google Discover,"初心者, 2024, 最新"
165,ミシンの選び方と使い方,初心者向けの機能やメンテナンス方法、用途別のおすすめ機種を解説。,2024-02-09 0:00:00,1,3,896,Google Discover,2024
166,通勤にも休日にも使える万能シューズ特集,スニーカーからローファーまで、オン・オフ問わず履けるシューズを厳選。履き心地とデザイン性のバランスがポイント。,2024-04-03 0:00:00,2,1,2918,SNS,ランキング
167,キャンプファイヤーで楽しむ音楽グッズ,ポータブルスピーカーや防水Bluetoothなど、野外で音楽を楽しむアイテムをピックアップ。,2024-06-04 0:00:00,1,2,2775,Google Discover,"最新, ランキング, 人気"
168,文化体験ツアーの魅力と注意点,現地の習慣を尊重するポイントやおすすめ体験を紹介します。,2024-01-12 0:00:00,2,5,520,Google Discover,"最新, トレンド"
169,クレンジングバームの使い方,毛穴汚れもスッキリ落とす正しい使い方と選び方。,2024-04-01 0:00:00,3,4,1007,Google Discover,"時短, 最新"
170,国内アウトドアスポット特集,キャンプやハイキングに適した自然スポットをわかりやすく解説。,2024-03-29 0:00:00,5,5,1573,Yahoo,"ランキング, 人気"
171,旅行先での服装の選び方,気候やアクティビティに合わせた服装選びのポイントを紹介。,2024-05-17 0:00:00,4,5,1483,SNS,"時短, 初心者"
172,電動歯ブラシの交換目安とコツ,ブラシヘッドの交換時期や衛生管理のポイントを詳しく紹介します。,2024-03-05 0:00:00,4,3,4494,Yahoo,"時短, おすすめ, 2024"
173,ヘアスタイリングの基本テクニック,セット力やキープ力に優れたスタイリング剤の使い分け。,2024-04-24 0:00:00,4,4,1743,Google Discover,"おすすめ, 最新"
174,アイメイクの崩れにくいコツ,汗や皮脂に強いアイテム選びとメイク直しのポイント。,2024-02-16 0:00:00,3,4,1370,SNS,ランキング
175,ホームカメラの設置場所と選び方,見守りや防犯に最適な設置場所、性能比較と機能解説をまとめました。,2024-05-15 0:00:00,4,3,701,SNS,"人気, トレンド, 2024"
176,掃除ロボットのメンテナンス方法,フィルターやブラシの掃除頻度、故障予防のポイントを解説します。,2024-06-08 0:00:00,2,3,1919,Google Discover,おすすめ
177,尾瀬・高原散策の服装と持ち物例,尾瀬や高原を歩く際に最適なウェアや持ち物リスト、歩きやすい靴と防寒アイテムもまとめました。,2024-02-17 0:00:00,2,2,2228,SNS,"おすすめ, 時短, 2024"
178,列車旅の楽しみ方と準備,乗車券の取り方や車内での過ごし方、おすすめ路線を解説。,2024-05-09 0:00:00,2,5,1645,Google Discover,"トレンド, ランキング, 2024"
179,コードレスイヤホンの音切れ対策,接続安定のコツやトラブル対処法、機器の互換性について紹介。,2024-01-10 0:00:00,4,3,4827,Google Discover,時短
180,色合わせが苦手な人のための簡単ルール,色選びで失敗しないための基本ルールや配色パターンを紹介。初心者でも即実践できるテクニック満載です。,2024-05-09 0:00:00,2,1,912,Yahoo,トレンド
181,ツリーハウス宿泊体験記＆宿選び,ツリーハウスに泊まれる宿を紹介。自然との一体感や設備、予約時の注意点まで体験レポート付きで紹介。,2024-03-01 0:00:00,2,2,1452,SNS,"ランキング, 人気"
182,ジャケット1枚で垢抜ける通勤コーデ,毎日の通勤コーデがマンネリ化してきた人に。1枚で印象が変わるジャケットの使い方や色選びを紹介します。,2024-06-13 0:00:00,1,1,519,SNS,"ランキング, 人気, おすすめ"
183,高見えするプチプラファッション術,手頃な価格でも高見えするアイテムの選び方を紹介。素材やデザインのポイントをおさえれば印象がぐっとよくなります。,2024-02-28 0:00:00,2,1,4635,Google Discover,"おすすめ, 時短, 2024"
184,荷物軽減！折りたたみ式ギア選び,折りたたみ式チェアやテーブル、調理器具などコンパクト収納できるギアを厳選しました。,2024-02-29 0:00:00,2,2,598,Google Discover,"トレンド, 時短"
185,現地ガイドの活用法,ツアーのメリットや選び方、トラブル回避のポイントを紹介。,2024-05-27 0:00:00,2,5,1735,Google Discover,人気
186,フェイスローラーの効果と使い方,むくみ改善やリフトアップを目指す使い方と注意点。,2024-04-12 0:00:00,3,4,1818,Yahoo,"初心者, おすすめ, トレンド"
187,最新スマート冷蔵庫の機能解説,庫内カメラやAI搭載モデル、使いやすさに注目した最新機能を紹介します。,2024-01-03 0:00:00,4,3,1620,SNS,"時短, おすすめ"
188,ボディケアで美肌をキープする方法,乾燥予防や保湿を中心にした日常ケアのポイントを紹介。,2024-06-25 0:00:00,4,4,4041,Yahoo,"初心者, 人気"
189,バードウォッチング入門セット,双眼鏡、バード図鑑、防寒具など、野鳥観察に必要な入門ギアと始め方のコツも一緒に紹介。,2024-04-10 0:00:00,3,2,3490,SNS,初心者
190,加湿空気清浄機のおすすめ,加湿と空気清浄を同時に行うモデルの特徴と選び方を解説。,2024-01-12 0:00:00,4,3,2224,Yahoo,"初心者, 時短, 人気"
191,バッグの中身で差がつく整理術,バッグの中がごちゃごちゃしてると印象も台無し。見た目も使いやすさもアップする収納のコツを紹介します。,2024-06-04 0:00:00,1,1,2487,Google Discover,"2024, 最新"
192,オフィスOKなトレンドファッション特集,職場でも浮かない、でも今っぽさは取り入れたい。そんな方のためのオフィス向けトレンドファッションを提案します。,2024-05-12 0:00:00,3,1,4533,Google Discover,トレンド
193,地味見え回避！カラーアイテムの取り入れ方,カラーアイテムをうまく取り入れることで地味さを回避。差し色やワントーンコーデのコツを紹介します。,2024-03-08 0:00:00,4,1,3982,Yahoo,ランキング
194,セルフネイル初心者向けの基本,簡単にできる塗り方やおすすめアイテムを解説。,2024-06-05 0:00:00,3,4,1381,SNS,"ランキング, 初心者, 最新"
195,電気カーペットの特徴と選び方,多機能モデルや使い勝手の良いタイプを比較し、用途別のおすすめを紹介。,2024-02-28 0:00:00,5,3,3760,Google Discover,"時短, おすすめ"
196,水辺で安心！ライフジャケットの選び方,川・湖・海での安全を守るライフジャケット。サイズや浮力別の選び方を詳しく解説します。,2024-02-21 0:00:00,4,2,458,Yahoo,2024
197,旅行先でのトラブル対処法,パスポート紛失や病気、遅延時の対応策をわかりやすくまとめました。,2024-06-03 0:00:00,3,5,4799,SNS,"2024, 時短"
198,野外救急セットの必需品,切り傷・虫刺され・骨折など、アウトドアで起こり得るケガに対応する応急セットの内容を細かくまとめました。,2024-04-13 0:00:00,5,2,3992,Google Discover,"時短, ランキング"
199,ソロキャンプを始めるための基本装備,一人でも安全に楽しめるソロキャンプの道具選びや注意点を解説します。,2024-01-18 0:00:00,3,2,2395,Yahoo,人気
200,服の印象を変えるベルト使いのテクニック,ウエストマークやアクセントとしても活躍するベルト。簡単におしゃれ感をアップさせる活用法を紹介します。,2024-02-17 0:00:00,4,1,797,SNS,初心者